, gaze point, , gaze point validity, , pupil size, , pupil validity
time, X, Y, L, R, L, R, L, R
2329, nan, nan, 0, 0, nan, nan, 0, 0
2360, nan, nan, 0, 0, nan, nan, 0, 0
2376, nan, nan, 0, 0, nan, nan, 0, 0
2392, nan, nan, 0, 0, nan, nan, 0, 0
2407, nan, nan, 0, 0, nan, nan, 0, 0
2423, nan, nan, 0, 0, nan, nan, 0, 0
2454, nan, nan, 0, 0, nan, nan, 0, 0
2470, nan, nan, 0, 0, nan, nan, 0, 0
2485, nan, nan, 0, 0, nan, nan, 0, 0
2501, nan, nan, 0, 0, nan, nan, 0, 0
2517, nan, nan, 0, 0, nan, nan, 0, 0
2532, nan, nan, 0, 0, nan, nan, 0, 0
2548, nan, nan, 0, 0, nan, nan, 0, 0
2563, nan, nan, 0, 0, nan, nan, 0, 0
2579, nan, nan, 0, 0, nan, nan, 0, 0
2595, nan, nan, 0, 0, nan, nan, 0, 0
2610, nan, nan, 0, 0, nan, nan, 0, 0
2626, nan, nan, 0, 0, nan, nan, 0, 0
2642, nan, nan, 0, 0, nan, nan, 0, 0
2657, nan, nan, 0, 0, nan, nan, 0, 0
2688, nan, nan, 0, 0, nan, nan, 0, 0
2704, nan, nan, 0, 0, nan, nan, 0, 0
2720, nan, nan, 0, 0, nan, nan, 0, 0
2735, nan, nan, 0, 0, nan, nan, 0, 0
2751, nan, nan, 0, 0, nan, nan, 0, 0
2767, nan, nan, 0, 0, nan, nan, 0, 0
2782, nan, nan, 0, 0, nan, nan, 0, 0
2798, nan, nan, 0, 0, nan, nan, 0, 0
2813, nan, nan, 0, 0, nan, nan, 0, 0
2829, nan, nan, 0, 0, nan, nan, 0, 0
2845, nan, nan, 0, 0, nan, nan, 0, 0
2860, nan, nan, 0, 0, nan, nan, 0, 0
2892, nan, nan, 0, 0, nan, nan, 0, 0
2892, nan, nan, 0, 0, nan, nan, 0, 0
2923, nan, nan, 0, 0, nan, nan, 0, 0
2938, nan, nan, 0, 0, nan, nan, 0, 0
2954, nan, nan, 0, 0, nan, nan, 0, 0
2970, nan, nan, 0, 0, nan, nan, 0, 0
2985, nan, nan, 0, 0, nan, nan, 0, 0
3001, nan, nan, 0, 0, nan, nan, 0, 0
3017, nan, nan, 0, 0, nan, nan, 0, 0
3032, nan, nan, 0, 0, nan, nan, 0, 0
3048, nan, nan, 0, 0, nan, nan, 0, 0
3063, nan, nan, 0, 0, nan, nan, 0, 0
3079, nan, nan, 0, 0, nan, nan, 0, 0
3095, nan, nan, 0, 0, nan, nan, 0, 0
3110, nan, nan, 0, 0, nan, nan, 0, 0
3126, nan, nan, 0, 0, nan, nan, 0, 0
3157, nan, nan, 0, 0, nan, nan, 0, 0
3173, nan, nan, 0, 0, nan, nan, 0, 0
3188, nan, nan, 0, 0, nan, nan, 0, 0
3204, nan, nan, 0, 0, nan, nan, 0, 0
3220, nan, nan, 0, 0, nan, nan, 0, 0
3235, nan, nan, 0, 0, nan, nan, 0, 0
3251, nan, nan, 0, 0, nan, nan, 0, 0
3267, nan, nan, 0, 0, nan, nan, 0, 0
3282, nan, nan, 0, 0, nan, nan, 0, 0
3298, nan, nan, 0, 0, nan, nan, 0, 0
3313, nan, nan, 0, 0, nan, nan, 0, 0
3329, nan, nan, 0, 0, nan, nan, 0, 0
3345, nan, nan, 0, 0, nan, nan, 0, 0
3360, nan, nan, 0, 0, nan, nan, 0, 0
3376, nan, nan, 0, 0, nan, nan, 0, 0
3392, nan, nan, 0, 0, nan, nan, 0, 0
3423, nan, nan, 0, 0, nan, nan, 0, 0
3438, nan, nan, 0, 0, nan, nan, 0, 0
3454, nan, nan, 0, 0, nan, nan, 0, 0
3470, nan, nan, 0, 0, nan, nan, 0, 0
3485, nan, nan, 0, 0, nan, nan, 0, 0
3501, nan, nan, 0, 0, nan, nan, 0, 0
3517, nan, nan, 0, 0, nan, nan, 0, 0
3532, nan, nan, 0, 0, nan, nan, 0, 0
3548, nan, nan, 0, 0, nan, nan, 0, 0
3563, nan, nan, 0, 0, nan, nan, 0, 0
3579, nan, nan, 0, 0, nan, nan, 0, 0
3595, nan, nan, 0, 0, nan, nan, 0, 0
3610, nan, nan, 0, 0, nan, nan, 0, 0
3626, nan, nan, 0, 0, nan, nan, 0, 0
3657, nan, nan, 0, 0, nan, nan, 0, 0
3657, nan, nan, 0, 0, nan, nan, 0, 0
3688, nan, nan, 0, 0, nan, nan, 0, 0
3704, nan, nan, 0, 0, nan, nan, 0, 0
3720, nan, nan, 0, 0, nan, nan, 0, 0
3735, nan, nan, 0, 0, nan, nan, 0, 0
3751, nan, nan, 0, 0, nan, nan, 0, 0
3767, nan, nan, 0, 0, nan, nan, 0, 0
3782, nan, nan, 0, 0, nan, nan, 0, 0
3798, nan, nan, 0, 0, nan, nan, 0, 0
3813, nan, nan, 0, 0, nan, nan, 0, 0
3829, nan, nan, 0, 0, nan, nan, 0, 0
3845, nan, nan, 0, 0, nan, nan, 0, 0
3869, nan, nan, 0, 0, nan, nan, 0, 0
3879, nan, nan, 0, 0, nan, nan, 0, 0
3895, nan, nan, 0, 0, nan, nan, 0, 0
3911, nan, nan, 0, 0, nan, nan, 0, 0
3926, nan, nan, 0, 0, nan, nan, 0, 0
3942, nan, nan, 0, 0, nan, nan, 0, 0
3958, nan, nan, 0, 0, nan, nan, 0, 0
3989, nan, nan, 0, 0, nan, nan, 0, 0
3989, nan, nan, 0, 0, nan, nan, 0, 0
4020, nan, nan, 0, 0, nan, nan, 0, 0
4036, nan, nan, 0, 0, nan, nan, 0, 0
4051, nan, nan, 0, 0, nan, nan, 0, 0
4067, nan, nan, 0, 0, nan, nan, 0, 0
4083, nan, nan, 0, 0, nan, nan, 0, 0
4098, nan, nan, 0, 0, nan, nan, 0, 0
4114, nan, nan, 0, 0, nan, nan, 0, 0
4129, nan, nan, 0, 0, nan, nan, 0, 0
4145, nan, nan, 0, 0, nan, nan, 0, 0
4161, nan, nan, 0, 0, nan, nan, 0, 0
4176, nan, nan, 0, 0, nan, nan, 0, 0
4192, nan, nan, 0, 0, nan, nan, 0, 0
4223, nan, nan, 0, 0, nan, nan, 0, 0
4223, nan, nan, 0, 0, nan, nan, 0, 0
4254, nan, nan, 0, 0, nan, nan, 0, 0
4270, nan, nan, 0, 0, nan, nan, 0, 0
4286, nan, nan, 0, 0, nan, nan, 0, 0
4301, nan, nan, 0, 0, nan, nan, 0, 0
4317, nan, nan, 0, 0, nan, nan, 0, 0
4333, nan, nan, 0, 0, nan, nan, 0, 0
4348, nan, nan, 0, 0, nan, nan, 0, 0
4364, nan, nan, 0, 0, nan, nan, 0, 0
4379, nan, nan, 0, 0, nan, nan, 0, 0
4395, nan, nan, 0, 0, nan, nan, 0, 0
4411, nan, nan, 0, 0, nan, nan, 0, 0
4426, nan, nan, 0, 0, nan, nan, 0, 0
4442, nan, nan, 0, 0, nan, nan, 0, 0
4458, nan, nan, 0, 0, nan, nan, 0, 0
4489, nan, nan, 0, 0, nan, nan, 0, 0
4489, nan, nan, 0, 0, nan, nan, 0, 0
4520, nan, nan, 0, 0, nan, nan, 0, 0
4536, nan, nan, 0, 0, nan, nan, 0, 0
4551, nan, nan, 0, 0, nan, nan, 0, 0
4567, nan, nan, 0, 0, nan, nan, 0, 0
4583, nan, nan, 0, 0, nan, nan, 0, 0
4598, nan, nan, 0, 0, nan, nan, 0, 0
4614, nan, nan, 0, 0, nan, nan, 0, 0
4629, nan, nan, 0, 0, nan, nan, 0, 0
4645, nan, nan, 0, 0, nan, nan, 0, 0
4661, nan, nan, 0, 0, nan, nan, 0, 0
4676, nan, nan, 0, 0, nan, nan, 0, 0
4692, nan, nan, 0, 0, nan, nan, 0, 0
4708, nan, nan, 0, 0, nan, nan, 0, 0
4723, nan, nan, 0, 0, nan, nan, 0, 0
4754, nan, nan, 0, 0, nan, nan, 0, 0
4770, nan, nan, 0, 0, nan, nan, 0, 0
4786, nan, nan, 0, 0, nan, nan, 0, 0
4801, nan, nan, 0, 0, nan, nan, 0, 0
4817, nan, nan, 0, 0, nan, nan, 0, 0
4833, nan, nan, 0, 0, nan, nan, 0, 0
4848, nan, nan, 0, 0, nan, nan, 0, 0
4864, nan, nan, 0, 0, nan, nan, 0, 0
4879, nan, nan, 0, 0, nan, nan, 0, 0
4895, nan, nan, 0, 0, nan, nan, 0, 0
4911, nan, nan, 0, 0, nan, nan, 0, 0
4926, nan, nan, 0, 0, nan, nan, 0, 0
4942, nan, nan, 0, 0, nan, nan, 0, 0
4958, nan, nan, 0, 0, nan, nan, 0, 0
4989, nan, nan, 0, 0, nan, nan, 0, 0
4989, nan, nan, 0, 0, nan, nan, 0, 0
5020, nan, nan, 0, 0, nan, nan, 0, 0
5036, nan, nan, 0, 0, nan, nan, 0, 0
5051, nan, nan, 0, 0, nan, nan, 0, 0
5067, nan, nan, 0, 0, nan, nan, 0, 0
5083, nan, nan, 0, 0, nan, nan, 0, 0
5098, nan, nan, 0, 0, nan, nan, 0, 0
5114, nan, nan, 0, 0, nan, nan, 0, 0
5129, nan, nan, 0, 0, nan, nan, 0, 0
5145, nan, nan, 0, 0, nan, nan, 0, 0
5161, nan, nan, 0, 0, nan, nan, 0, 0
5176, nan, nan, 0, 0, nan, nan, 0, 0
5192, nan, nan, 0, 0, nan, nan, 0, 0
5208, nan, nan, 0, 0, nan, nan, 0, 0
5223, nan, nan, 0, 0, nan, nan, 0, 0
5254, nan, nan, 0, 0, nan, nan, 0, 0
5254, nan, nan, 0, 0, nan, nan, 0, 0
5286, nan, nan, 0, 0, nan, nan, 0, 0
5301, nan, nan, 0, 0, nan, nan, 0, 0
5317, nan, nan, 0, 0, nan, nan, 0, 0
5333, nan, nan, 0, 0, nan, nan, 0, 0
5348, nan, nan, 0, 0, nan, nan, 0, 0
5364, nan, nan, 0, 0, nan, nan, 0, 0
5379, nan, nan, 0, 0, nan, nan, 0, 0
5395, nan, nan, 0, 0, nan, nan, 0, 0
5411, nan, nan, 0, 0, nan, nan, 0, 0
5426, nan, nan, 0, 0, nan, nan, 0, 0
5442, nan, nan, 0, 0, nan, nan, 0, 0
5458, nan, nan, 0, 0, nan, nan, 0, 0
5489, nan, nan, 0, 0, nan, nan, 0, 0
5489, nan, nan, 0, 0, nan, nan, 0, 0
5520, nan, nan, 0, 0, nan, nan, 0, 0
5536, nan, nan, 0, 0, nan, nan, 0, 0
5551, nan, nan, 0, 0, nan, nan, 0, 0
5567, nan, nan, 0, 0, nan, nan, 0, 0
5583, nan, nan, 0, 0, nan, nan, 0, 0
5598, nan, nan, 0, 0, nan, nan, 0, 0
5614, nan, nan, 0, 0, nan, nan, 0, 0
5629, nan, nan, 0, 0, nan, nan, 0, 0
5645, nan, nan, 0, 0, nan, nan, 0, 0
5661, nan, nan, 0, 0, nan, nan, 0, 0
5676, nan, nan, 0, 0, nan, nan, 0, 0
5692, nan, nan, 0, 0, nan, nan, 0, 0
5723, nan, nan, 0, 0, nan, nan, 0, 0
5723, nan, nan, 0, 0, nan, nan, 0, 0
5754, nan, nan, 0, 0, nan, nan, 0, 0
5754, nan, nan, 0, 0, nan, nan, 0, 0
5786, nan, nan, 0, 0, nan, nan, 0, 0
5801, nan, nan, 0, 0, nan, nan, 0, 0
5817, nan, nan, 0, 0, nan, nan, 0, 0
5833, nan, nan, 0, 0, nan, nan, 0, 0
5848, nan, nan, 0, 0, nan, nan, 0, 0
5864, nan, nan, 0, 0, nan, nan, 0, 0
5879, nan, nan, 0, 0, nan, nan, 0, 0
5895, nan, nan, 0, 0, nan, nan, 0, 0
5911, nan, nan, 0, 0, nan, nan, 0, 0
5926, nan, nan, 0, 0, nan, nan, 0, 0
5942, nan, nan, 0, 0, nan, nan, 0, 0
5958, nan, nan, 0, 0, nan, nan, 0, 0
5973, nan, nan, 0, 0, nan, nan, 0, 0
5989, nan, nan, 0, 0, nan, nan, 0, 0
6020, nan, nan, 0, 0, nan, nan, 0, 0
6036, nan, nan, 0, 0, nan, nan, 0, 0
6051, nan, nan, 0, 0, nan, nan, 0, 0
6067, nan, nan, 0, 0, nan, nan, 0, 0
6083, nan, nan, 0, 0, nan, nan, 0, 0
6098, nan, nan, 0, 0, nan, nan, 0, 0
6114, nan, nan, 0, 0, nan, nan, 0, 0
6129, nan, nan, 0, 0, nan, nan, 0, 0
6145, nan, nan, 0, 0, nan, nan, 0, 0
6161, nan, nan, 0, 0, nan, nan, 0, 0
6176, nan, nan, 0, 0, nan, nan, 0, 0
6192, nan, nan, 0, 0, nan, nan, 0, 0
6208, nan, nan, 0, 0, nan, nan, 0, 0
6223, nan, nan, 0, 0, nan, nan, 0, 0
6254, nan, nan, 0, 0, nan, nan, 0, 0
6254, nan, nan, 0, 0, nan, nan, 0, 0
6286, nan, nan, 0, 0, nan, nan, 0, 0
6301, nan, nan, 0, 0, nan, nan, 0, 0
6317, nan, nan, 0, 0, nan, nan, 0, 0
6333, nan, nan, 0, 0, nan, nan, 0, 0
6348, nan, nan, 0, 0, nan, nan, 0, 0
6364, nan, nan, 0, 0, nan, nan, 0, 0
6379, nan, nan, 0, 0, nan, nan, 0, 0
6395, nan, nan, 0, 0, nan, nan, 0, 0
6411, nan, nan, 0, 0, nan, nan, 0, 0
6426, nan, nan, 0, 0, nan, nan, 0, 0
6442, nan, nan, 0, 0, nan, nan, 0, 0
6458, nan, nan, 0, 0, nan, nan, 0, 0
6473, nan, nan, 0, 0, nan, nan, 0, 0
6489, nan, nan, 0, 0, nan, nan, 0, 0
6520, nan, nan, 0, 0, nan, nan, 0, 0
6536, nan, nan, 0, 0, nan, nan, 0, 0
6551, nan, nan, 0, 0, nan, nan, 0, 0
6567, nan, nan, 0, 0, nan, nan, 0, 0
6583, nan, nan, 0, 0, nan, nan, 0, 0
6598, nan, nan, 0, 0, nan, nan, 0, 0
6614, nan, nan, 0, 0, nan, nan, 0, 0
6629, nan, nan, 0, 0, nan, nan, 0, 0
6645, nan, nan, 0, 0, nan, nan, 0, 0
6661, nan, nan, 0, 0, nan, nan, 0, 0
6676, nan, nan, 0, 0, nan, nan, 0, 0
6692, nan, nan, 0, 0, nan, nan, 0, 0
6708, nan, nan, 0, 0, nan, nan, 0, 0
6723, nan, nan, 0, 0, nan, nan, 0, 0
6754, nan, nan, 0, 0, nan, nan, 0, 0
6770, nan, nan, 0, 0, nan, nan, 0, 0
6786, nan, nan, 0, 0, nan, nan, 0, 0
6801, nan, nan, 0, 0, nan, nan, 0, 0
6817, nan, nan, 0, 0, nan, nan, 0, 0
6833, nan, nan, 0, 0, nan, nan, 0, 0
6848, nan, nan, 0, 0, nan, nan, 0, 0
6864, nan, nan, 0, 0, nan, nan, 0, 0
6879, nan, nan, 0, 0, nan, nan, 0, 0
6895, nan, nan, 0, 0, nan, nan, 0, 0
6911, nan, nan, 0, 0, nan, nan, 0, 0
6926, nan, nan, 0, 0, nan, nan, 0, 0
6942, nan, nan, 0, 0, nan, nan, 0, 0
6958, nan, nan, 0, 0, nan, nan, 0, 0
6973, nan, nan, 0, 0, nan, nan, 0, 0
6989, nan, nan, 0, 0, nan, nan, 0, 0
7020, nan, nan, 0, 0, nan, nan, 0, 0
7036, nan, nan, 0, 0, nan, nan, 0, 0
7051, nan, nan, 0, 0, nan, nan, 0, 0
7067, nan, nan, 0, 0, nan, nan, 0, 0
7083, nan, nan, 0, 0, nan, nan, 0, 0
7098, nan, nan, 0, 0, nan, nan, 0, 0
7114, nan, nan, 0, 0, nan, nan, 0, 0
7129, nan, nan, 0, 0, nan, nan, 0, 0
7145, nan, nan, 0, 0, nan, nan, 0, 0
7161, nan, nan, 0, 0, nan, nan, 0, 0
7176, nan, nan, 0, 0, nan, nan, 0, 0
7192, nan, nan, 0, 0, nan, nan, 0, 0
7208, nan, nan, 0, 0, nan, nan, 0, 0
7223, nan, nan, 0, 0, nan, nan, 0, 0
7254, nan, nan, 0, 0, nan, nan, 0, 0
7254, nan, nan, 0, 0, nan, nan, 0, 0
7286, nan, nan, 0, 0, nan, nan, 0, 0
7301, nan, nan, 0, 0, nan, nan, 0, 0
7317, nan, nan, 0, 0, nan, nan, 0, 0
7333, nan, nan, 0, 0, nan, nan, 0, 0
7348, nan, nan, 0, 0, nan, nan, 0, 0
7364, nan, nan, 0, 0, nan, nan, 0, 0
7379, nan, nan, 0, 0, nan, nan, 0, 0
7395, nan, nan, 0, 0, nan, nan, 0, 0
7411, nan, nan, 0, 0, nan, nan, 0, 0
7426, nan, nan, 0, 0, nan, nan, 0, 0
7442, nan, nan, 0, 0, nan, nan, 0, 0
7458, nan, nan, 0, 0, nan, nan, 0, 0
7473, nan, nan, 0, 0, nan, nan, 0, 0
7489, nan, nan, 0, 0, nan, nan, 0, 0
7504, nan, nan, 0, 0, nan, nan, 0, 0
7520, nan, nan, 0, 0, nan, nan, 0, 0
7536, nan, nan, 0, 0, nan, nan, 0, 0
7567, nan, nan, 0, 0, nan, nan, 0, 0
7583, nan, nan, 0, 0, nan, nan, 0, 0
7598, nan, nan, 0, 0, nan, nan, 0, 0
7614, nan, nan, 0, 0, nan, nan, 0, 0
7629, nan, nan, 0, 0, nan, nan, 0, 0
7645, nan, nan, 0, 0, nan, nan, 0, 0
7661, nan, nan, 0, 0, nan, nan, 0, 0
7676, nan, nan, 0, 0, nan, nan, 0, 0
7692, nan, nan, 0, 0, nan, nan, 0, 0
7708, nan, nan, 0, 0, nan, nan, 0, 0
7723, nan, nan, 0, 0, nan, nan, 0, 0
7739, nan, nan, 0, 0, nan, nan, 0, 0
7754, nan, nan, 0, 0, nan, nan, 0, 0
7770, nan, nan, 0, 0, nan, nan, 0, 0
7786, nan, nan, 0, 0, nan, nan, 0, 0
7801, nan, nan, 0, 0, nan, nan, 0, 0
7833, nan, nan, 0, 0, nan, nan, 0, 0
7848, nan, nan, 0, 0, nan, nan, 0, 0
7864, nan, nan, 0, 0, nan, nan, 0, 0
7879, nan, nan, 0, 0, nan, nan, 0, 0
7895, nan, nan, 0, 0, nan, nan, 0, 0
7911, nan, nan, 0, 0, nan, nan, 0, 0
7926, nan, nan, 0, 0, nan, nan, 0, 0
7942, nan, nan, 0, 0, nan, nan, 0, 0
7958, nan, nan, 0, 0, nan, nan, 0, 0
7973, nan, nan, 0, 0, nan, nan, 0, 0
7989, nan, nan, 0, 0, nan, nan, 0, 0
8004, nan, nan, 0, 0, nan, nan, 0, 0
8020, nan, nan, 0, 0, nan, nan, 0, 0
8036, nan, nan, 0, 0, nan, nan, 0, 0
8051, nan, nan, 0, 0, nan, nan, 0, 0
8083, nan, nan, 0, 0, nan, nan, 0, 0
8098, nan, nan, 0, 0, nan, nan, 0, 0
8114, nan, nan, 0, 0, nan, nan, 0, 0
8129, nan, nan, 0, 0, nan, nan, 0, 0
8145, nan, nan, 0, 0, nan, nan, 0, 0
8161, nan, nan, 0, 0, nan, nan, 0, 0
8176, nan, nan, 0, 0, nan, nan, 0, 0
8192, nan, nan, 0, 0, nan, nan, 0, 0
8208, nan, nan, 0, 0, nan, nan, 0, 0
8223, nan, nan, 0, 0, nan, nan, 0, 0
8239, nan, nan, 0, 0, nan, nan, 0, 0
8254, nan, nan, 0, 0, nan, nan, 0, 0
8270, nan, nan, 0, 0, nan, nan, 0, 0
8286, nan, nan, 0, 0, nan, nan, 0, 0
8301, nan, nan, 0, 0, nan, nan, 0, 0
8333, nan, nan, 0, 0, nan, nan, 0, 0
8348, nan, nan, 0, 0, nan, nan, 0, 0
8364, nan, nan, 0, 0, nan, nan, 0, 0
8379, nan, nan, 0, 0, nan, nan, 0, 0
8395, nan, nan, 0, 0, nan, nan, 0, 0
8411, nan, nan, 0, 0, nan, nan, 0, 0
8426, nan, nan, 0, 0, nan, nan, 0, 0
8442, nan, nan, 0, 0, nan, nan, 0, 0
8458, nan, nan, 0, 0, nan, nan, 0, 0
8473, nan, nan, 0, 0, nan, nan, 0, 0
8489, nan, nan, 0, 0, nan, nan, 0, 0
8504, nan, nan, 0, 0, nan, nan, 0, 0
8520, nan, nan, 0, 0, nan, nan, 0, 0
8536, nan, nan, 0, 0, nan, nan, 0, 0
8551, nan, nan, 0, 0, nan, nan, 0, 0
8583, nan, nan, 0, 0, nan, nan, 0, 0
8598, nan, nan, 0, 0, nan, nan, 0, 0
8614, nan, nan, 0, 0, nan, nan, 0, 0
8629, nan, nan, 0, 0, nan, nan, 0, 0
8645, nan, nan, 0, 0, nan, nan, 0, 0
8661, nan, nan, 0, 0, nan, nan, 0, 0
8676, nan, nan, 0, 0, nan, nan, 0, 0
8692, nan, nan, 0, 0, nan, nan, 0, 0
8708, nan, nan, 0, 0, nan, nan, 0, 0
8723, nan, nan, 0, 0, nan, nan, 0, 0
8739, nan, nan, 0, 0, nan, nan, 0, 0
8754, nan, nan, 0, 0, nan, nan, 0, 0
8770, nan, nan, 0, 0, nan, nan, 0, 0
8786, nan, nan, 0, 0, nan, nan, 0, 0
8801, nan, nan, 0, 0, nan, nan, 0, 0
8833, nan, nan, 0, 0, nan, nan, 0, 0
8848, nan, nan, 0, 0, nan, nan, 0, 0
8864, nan, nan, 0, 0, nan, nan, 0, 0
8879, nan, nan, 0, 0, nan, nan, 0, 0
8895, nan, nan, 0, 0, nan, nan, 0, 0
8911, nan, nan, 0, 0, nan, nan, 0, 0
8926, nan, nan, 0, 0, nan, nan, 0, 0
8942, nan, nan, 0, 0, nan, nan, 0, 0
8958, nan, nan, 0, 0, nan, nan, 0, 0
8973, nan, nan, 0, 0, nan, nan, 0, 0
8989, nan, nan, 0, 0, nan, nan, 0, 0
9004, nan, nan, 0, 0, nan, nan, 0, 0
9020, nan, nan, 0, 0, nan, nan, 0, 0
9036, nan, nan, 0, 0, nan, nan, 0, 0
9051, nan, nan, 0, 0, nan, nan, 0, 0
9083, nan, nan, 0, 0, nan, nan, 0, 0
9098, nan, nan, 0, 0, nan, nan, 0, 0
9114, nan, nan, 0, 0, nan, nan, 0, 0
9129, nan, nan, 0, 0, nan, nan, 0, 0
9145, nan, nan, 0, 0, nan, nan, 0, 0
9161, nan, nan, 0, 0, nan, nan, 0, 0
9176, nan, nan, 0, 0, nan, nan, 0, 0
9192, nan, nan, 0, 0, nan, nan, 0, 0
9208, nan, nan, 0, 0, nan, nan, 0, 0
9223, nan, nan, 0, 0, nan, nan, 0, 0
9239, nan, nan, 0, 0, nan, nan, 0, 0
9254, nan, nan, 0, 0, nan, nan, 0, 0
9270, nan, nan, 0, 0, nan, nan, 0, 0
9286, nan, nan, 0, 0, nan, nan, 0, 0
9301, nan, nan, 0, 0, nan, nan, 0, 0
9333, nan, nan, 0, 0, nan, nan, 0, 0
9348, nan, nan, 0, 0, nan, nan, 0, 0
9364, nan, nan, 0, 0, nan, nan, 0, 0
9379, nan, nan, 0, 0, nan, nan, 0, 0
9395, nan, nan, 0, 0, nan, nan, 0, 0
9411, nan, nan, 0, 0, nan, nan, 0, 0
9426, nan, nan, 0, 0, nan, nan, 0, 0
9442, nan, nan, 0, 0, nan, nan, 0, 0
9458, nan, nan, 0, 0, nan, nan, 0, 0
9473, nan, nan, 0, 0, nan, nan, 0, 0
9489, nan, nan, 0, 0, nan, nan, 0, 0
9504, nan, nan, 0, 0, nan, nan, 0, 0
9520, nan, nan, 0, 0, nan, nan, 0, 0
9536, nan, nan, 0, 0, nan, nan, 0, 0
9551, nan, nan, 0, 0, nan, nan, 0, 0
9583, nan, nan, 0, 0, nan, nan, 0, 0
9598, nan, nan, 0, 0, nan, nan, 0, 0
9614, nan, nan, 0, 0, nan, nan, 0, 0
9629, nan, nan, 0, 0, nan, nan, 0, 0
9645, nan, nan, 0, 0, nan, nan, 0, 0
9661, nan, nan, 0, 0, nan, nan, 0, 0
9676, nan, nan, 0, 0, nan, nan, 0, 0
9692, nan, nan, 0, 0, nan, nan, 0, 0
9708, nan, nan, 0, 0, nan, nan, 0, 0
9723, nan, nan, 0, 0, nan, nan, 0, 0
9739, nan, nan, 0, 0, nan, nan, 0, 0
9754, nan, nan, 0, 0, nan, nan, 0, 0
9770, nan, nan, 0, 0, nan, nan, 0, 0
9786, nan, nan, 0, 0, nan, nan, 0, 0
9801, nan, nan, 0, 0, nan, nan, 0, 0
9833, nan, nan, 0, 0, nan, nan, 0, 0
9848, nan, nan, 0, 0, nan, nan, 0, 0
9864, nan, nan, 0, 0, nan, nan, 0, 0
9879, nan, nan, 0, 0, nan, nan, 0, 0
9895, nan, nan, 0, 0, nan, nan, 0, 0
9911, nan, nan, 0, 0, nan, nan, 0, 0
9926, nan, nan, 0, 0, nan, nan, 0, 0
9942, nan, nan, 0, 0, nan, nan, 0, 0
9958, nan, nan, 0, 0, nan, nan, 0, 0
9973, nan, nan, 0, 0, nan, nan, 0, 0
9989, nan, nan, 0, 0, nan, nan, 0, 0
10004, nan, nan, 0, 0, nan, nan, 0, 0
10020, nan, nan, 0, 0, nan, nan, 0, 0
10036, nan, nan, 0, 0, nan, nan, 0, 0
10051, nan, nan, 0, 0, nan, nan, 0, 0
10083, nan, nan, 0, 0, nan, nan, 0, 0
10098, nan, nan, 0, 0, nan, nan, 0, 0
10114, nan, nan, 0, 0, nan, nan, 0, 0
10129, nan, nan, 0, 0, nan, nan, 0, 0
10145, nan, nan, 0, 0, nan, nan, 0, 0
10161, nan, nan, 0, 0, nan, nan, 0, 0
10176, nan, nan, 0, 0, nan, nan, 0, 0
10192, nan, nan, 0, 0, nan, nan, 0, 0
10208, nan, nan, 0, 0, nan, nan, 0, 0
10223, nan, nan, 0, 0, nan, nan, 0, 0
10239, nan, nan, 0, 0, nan, nan, 0, 0
10254, nan, nan, 0, 0, nan, nan, 0, 0
10270, nan, nan, 0, 0, nan, nan, 0, 0
10286, nan, nan, 0, 0, nan, nan, 0, 0
10317, nan, nan, 0, 0, nan, nan, 0, 0
10333, nan, nan, 0, 0, nan, nan, 0, 0
10348, nan, nan, 0, 0, nan, nan, 0, 0
10364, nan, nan, 0, 0, nan, nan, 0, 0
10379, nan, nan, 0, 0, nan, nan, 0, 0
10395, nan, nan, 0, 0, nan, nan, 0, 0
10411, nan, nan, 0, 0, nan, nan, 0, 0
10426, nan, nan, 0, 0, nan, nan, 0, 0
10442, nan, nan, 0, 0, nan, nan, 0, 0
10458, nan, nan, 0, 0, nan, nan, 0, 0
10473, nan, nan, 0, 0, nan, nan, 0, 0
10489, nan, nan, 0, 0, nan, nan, 0, 0
10504, nan, nan, 0, 0, nan, nan, 0, 0
10520, nan, nan, 0, 0, nan, nan, 0, 0
10536, nan, nan, 0, 0, nan, nan, 0, 0
10551, nan, nan, 0, 0, nan, nan, 0, 0
10583, nan, nan, 0, 0, nan, nan, 0, 0
10598, nan, nan, 0, 0, nan, nan, 0, 0
10614, nan, nan, 0, 0, nan, nan, 0, 0
10629, nan, nan, 0, 0, nan, nan, 0, 0
10645, nan, nan, 0, 0, nan, nan, 0, 0
10661, nan, nan, 0, 0, nan, nan, 0, 0
10676, nan, nan, 0, 0, nan, nan, 0, 0
10692, nan, nan, 0, 0, nan, nan, 0, 0
10708, nan, nan, 0, 0, nan, nan, 0, 0
10723, nan, nan, 0, 0, nan, nan, 0, 0
10739, nan, nan, 0, 0, nan, nan, 0, 0
10754, nan, nan, 0, 0, nan, nan, 0, 0
10770, nan, nan, 0, 0, nan, nan, 0, 0
10786, nan, nan, 0, 0, nan, nan, 0, 0
10817, nan, nan, 0, 0, nan, nan, 0, 0
10833, nan, nan, 0, 0, nan, nan, 0, 0
10848, nan, nan, 0, 0, nan, nan, 0, 0
10864, nan, nan, 0, 0, nan, nan, 0, 0
10879, nan, nan, 0, 0, nan, nan, 0, 0
10895, nan, nan, 0, 0, nan, nan, 0, 0
10911, nan, nan, 0, 0, nan, nan, 0, 0
10926, nan, nan, 0, 0, nan, nan, 0, 0
10942, nan, nan, 0, 0, nan, nan, 0, 0
10958, nan, nan, 0, 0, nan, nan, 0, 0
10973, nan, nan, 0, 0, nan, nan, 0, 0
10989, nan, nan, 0, 0, nan, nan, 0, 0
11004, nan, nan, 0, 0, nan, nan, 0, 0
11020, nan, nan, 0, 0, nan, nan, 0, 0
11036, nan, nan, 0, 0, nan, nan, 0, 0
11067, nan, nan, 0, 0, nan, nan, 0, 0
11083, nan, nan, 0, 0, nan, nan, 0, 0
11098, nan, nan, 0, 0, nan, nan, 0, 0
11114, nan, nan, 0, 0, nan, nan, 0, 0
11129, nan, nan, 0, 0, nan, nan, 0, 0
11145, nan, nan, 0, 0, nan, nan, 0, 0
11161, nan, nan, 0, 0, nan, nan, 0, 0
11176, nan, nan, 0, 0, nan, nan, 0, 0
11192, nan, nan, 0, 0, nan, nan, 0, 0
11208, nan, nan, 0, 0, nan, nan, 0, 0
11223, nan, nan, 0, 0, nan, nan, 0, 0
11239, nan, nan, 0, 0, nan, nan, 0, 0
11254, nan, nan, 0, 0, nan, nan, 0, 0
11270, nan, nan, 0, 0, nan, nan, 0, 0
11301, nan, nan, 0, 0, nan, nan, 0, 0
11317, nan, nan, 0, 0, nan, nan, 0, 0
11333, nan, nan, 0, 0, nan, nan, 0, 0
11348, nan, nan, 0, 0, nan, nan, 0, 0
11364, nan, nan, 0, 0, nan, nan, 0, 0
11379, nan, nan, 0, 0, nan, nan, 0, 0
11395, nan, nan, 0, 0, nan, nan, 0, 0
11411, nan, nan, 0, 0, nan, nan, 0, 0
11426, nan, nan, 0, 0, nan, nan, 0, 0
11442, nan, nan, 0, 0, nan, nan, 0, 0
11458, nan, nan, 0, 0, nan, nan, 0, 0
11473, nan, nan, 0, 0, nan, nan, 0, 0
11489, nan, nan, 0, 0, nan, nan, 0, 0
11504, nan, nan, 0, 0, nan, nan, 0, 0
11520, nan, nan, 0, 0, nan, nan, 0, 0
11551, nan, nan, 0, 0, nan, nan, 0, 0
11567, nan, nan, 0, 0, nan, nan, 0, 0
11583, nan, nan, 0, 0, nan, nan, 0, 0
11598, nan, nan, 0, 0, nan, nan, 0, 0
11614, nan, nan, 0, 0, nan, nan, 0, 0
11629, nan, nan, 0, 0, nan, nan, 0, 0
11645, nan, nan, 0, 0, nan, nan, 0, 0
11661, nan, nan, 0, 0, nan, nan, 0, 0
11676, nan, nan, 0, 0, nan, nan, 0, 0
11692, nan, nan, 0, 0, nan, nan, 0, 0
11708, nan, nan, 0, 0, nan, nan, 0, 0
11723, nan, nan, 0, 0, nan, nan, 0, 0
11739, nan, nan, 0, 0, nan, nan, 0, 0
11754, nan, nan, 0, 0, nan, nan, 0, 0
11770, nan, nan, 0, 0, nan, nan, 0, 0
11786, nan, nan, 0, 0, nan, nan, 0, 0
11817, nan, nan, 0, 0, nan, nan, 0, 0
11833, nan, nan, 0, 0, nan, nan, 0, 0
11848, nan, nan, 0, 0, nan, nan, 0, 0
11864, nan, nan, 0, 0, nan, nan, 0, 0
11880, nan, nan, 0, 0, nan, nan, 0, 0
11895, nan, nan, 0, 0, nan, nan, 0, 0
11911, nan, nan, 0, 0, nan, nan, 0, 0
11926, nan, nan, 0, 0, nan, nan, 0, 0
11942, nan, nan, 0, 0, nan, nan, 0, 0
11958, nan, nan, 0, 0, nan, nan, 0, 0
11973, nan, nan, 0, 0, nan, nan, 0, 0
11989, nan, nan, 0, 0, nan, nan, 0, 0
12020, nan, nan, 0, 0, nan, nan, 0, 0
12020, nan, nan, 0, 0, nan, nan, 0, 0
12036, nan, nan, 0, 0, nan, nan, 0, 0
12051, nan, nan, 0, 0, nan, nan, 0, 0
12083, nan, nan, 0, 0, nan, nan, 0, 0
12098, nan, nan, 0, 0, nan, nan, 0, 0
12114, nan, nan, 0, 0, nan, nan, 0, 0
12130, nan, nan, 0, 0, nan, nan, 0, 0
12146, nan, nan, 0, 0, nan, nan, 0, 0
12161, nan, nan, 0, 0, nan, nan, 0, 0
12177, nan, nan, 0, 0, nan, nan, 0, 0
12193, nan, nan, 0, 0, nan, nan, 0, 0
12208, nan, nan, 0, 0, nan, nan, 0, 0
12224, nan, nan, 0, 0, nan, nan, 0, 0
12240, nan, nan, 0, 0, nan, nan, 0, 0
12255, nan, nan, 0, 0, nan, nan, 0, 0
12271, nan, nan, 0, 0, nan, nan, 0, 0
12286, nan, nan, 0, 0, nan, nan, 0, 0
12302, nan, nan, 0, 0, nan, nan, 0, 0
12318, nan, nan, 0, 0, nan, nan, 0, 0
12349, nan, nan, 0, 0, nan, nan, 0, 0
12364, nan, nan, 0, 0, nan, nan, 0, 0
12380, nan, nan, 0, 0, nan, nan, 0, 0
12396, nan, nan, 0, 0, nan, nan, 0, 0
12411, nan, nan, 0, 0, nan, nan, 0, 0
12427, nan, nan, 0, 0, nan, nan, 0, 0
12443, nan, nan, 0, 0, nan, nan, 0, 0
12458, nan, nan, 0, 0, nan, nan, 0, 0
12474, nan, nan, 0, 0, nan, nan, 0, 0
12489, nan, nan, 0, 0, nan, nan, 0, 0
12505, nan, nan, 0, 0, nan, nan, 0, 0
12521, nan, nan, 0, 0, nan, nan, 0, 0
12536, nan, nan, 0, 0, nan, nan, 0, 0
12552, nan, nan, 0, 0, nan, nan, 0, 0
12568, nan, nan, 0, 0, nan, nan, 0, 0
12583, nan, nan, 0, 0, nan, nan, 0, 0
12615, nan, nan, 0, 0, nan, nan, 0, 0
12630, nan, nan, 0, 0, nan, nan, 0, 0
12646, nan, nan, 0, 0, nan, nan, 0, 0
12661, nan, nan, 0, 0, nan, nan, 0, 0
12677, nan, nan, 0, 0, nan, nan, 0, 0
12693, nan, nan, 0, 0, nan, nan, 0, 0
12708, nan, nan, 0, 0, nan, nan, 0, 0
12724, nan, nan, 0, 0, nan, nan, 0, 0
12740, nan, nan, 0, 0, nan, nan, 0, 0
12755, nan, nan, 0, 0, nan, nan, 0, 0
12771, nan, nan, 0, 0, nan, nan, 0, 0
12786, nan, nan, 0, 0, nan, nan, 0, 0
12802, nan, nan, 0, 0, nan, nan, 0, 0
12818, nan, nan, 0, 0, nan, nan, 0, 0
12836, nan, nan, 0, 0, nan, nan, 0, 0
12850, nan, nan, 0, 0, nan, nan, 0, 0
12881, nan, nan, 0, 0, nan, nan, 0, 0
12897, nan, nan, 0, 0, nan, nan, 0, 0
12912, nan, nan, 0, 0, nan, nan, 0, 0
12928, nan, nan, 0, 0, nan, nan, 0, 0
12943, nan, nan, 0, 0, nan, nan, 0, 0
12959, nan, nan, 0, 0, nan, nan, 0, 0
12975, nan, nan, 0, 0, nan, nan, 0, 0
12990, nan, nan, 0, 0, nan, nan, 0, 0
13006, nan, nan, 0, 0, nan, nan, 0, 0
13022, nan, nan, 0, 0, nan, nan, 0, 0
13037, nan, nan, 0, 0, nan, nan, 0, 0
13053, nan, nan, 0, 0, nan, nan, 0, 0
13068, nan, nan, 0, 0, nan, nan, 0, 0
13084, nan, nan, 0, 0, nan, nan, 0, 0
13115, nan, nan, 0, 0, nan, nan, 0, 0
13131, nan, nan, 0, 0, nan, nan, 0, 0
13147, nan, nan, 0, 0, nan, nan, 0, 0
13162, nan, nan, 0, 0, nan, nan, 0, 0
13193, nan, nan, 0, 0, nan, nan, 0, 0
13209, nan, nan, 0, 0, nan, nan, 0, 0
13225, nan, nan, 0, 0, nan, nan, 0, 0
13240, nan, nan, 0, 0, nan, nan, 0, 0
13256, nan, nan, 0, 0, nan, nan, 0, 0
13272, nan, nan, 0, 0, nan, nan, 0, 0
13287, nan, nan, 0, 0, nan, nan, 0, 0
13303, nan, nan, 0, 0, nan, nan, 0, 0
13318, nan, nan, 0, 0, nan, nan, 0, 0
13334, nan, nan, 0, 0, nan, nan, 0, 0
13350, nan, nan, 0, 0, nan, nan, 0, 0
13365, nan, nan, 0, 0, nan, nan, 0, 0
13397, nan, nan, 0, 0, nan, nan, 0, 0
13428, nan, nan, 0, 0, nan, nan, 0, 0
13443, nan, nan, 0, 0, nan, nan, 0, 0
13459, nan, nan, 0, 0, nan, nan, 0, 0
13475, nan, nan, 0, 0, nan, nan, 0, 0
13490, nan, nan, 0, 0, nan, nan, 0, 0
13506, nan, nan, 0, 0, nan, nan, 0, 0
13522, nan, nan, 0, 0, nan, nan, 0, 0
13537, nan, nan, 0, 0, nan, nan, 0, 0
13553, nan, nan, 0, 0, nan, nan, 0, 0
13568, nan, nan, 0, 0, nan, nan, 0, 0
13584, nan, nan, 0, 0, nan, nan, 0, 0
13600, nan, nan, 0, 0, nan, nan, 0, 0
13615, nan, nan, 0, 0, nan, nan, 0, 0
13647, nan, nan, 0, 0, nan, nan, 0, 0
13662, nan, nan, 0, 0, nan, nan, 0, 0
13678, nan, nan, 0, 0, nan, nan, 0, 0
13693, nan, nan, 0, 0, nan, nan, 0, 0
13709, nan, nan, 0, 0, nan, nan, 0, 0
13740, nan, nan, 0, 0, nan, nan, 0, 0
13756, nan, nan, 0, 0, nan, nan, 0, 0
13772, nan, nan, 0, 0, nan, nan, 0, 0
13787, nan, nan, 0, 0, nan, nan, 0, 0
13803, nan, nan, 0, 0, nan, nan, 0, 0
13819, nan, nan, 0, 0, nan, nan, 0, 0
13834, nan, nan, 0, 0, nan, nan, 0, 0
13850, nan, nan, 0, 0, nan, nan, 0, 0
13865, nan, nan, 0, 0, nan, nan, 0, 0
13881, nan, nan, 0, 0, nan, nan, 0, 0
13897, nan, nan, 0, 0, nan, nan, 0, 0
13912, nan, nan, 0, 0, nan, nan, 0, 0
13928, nan, nan, 0, 0, nan, nan, 0, 0
13943, nan, nan, 0, 0, nan, nan, 0, 0
13975, nan, nan, 0, 0, nan, nan, 0, 0
13990, nan, nan, 0, 0, nan, nan, 0, 0
14006, nan, nan, 0, 0, nan, nan, 0, 0
14022, nan, nan, 0, 0, nan, nan, 0, 0
14037, nan, nan, 0, 0, nan, nan, 0, 0
14053, nan, nan, 0, 0, nan, nan, 0, 0
14068, nan, nan, 0, 0, nan, nan, 0, 0
14084, nan, nan, 0, 0, nan, nan, 0, 0
14100, nan, nan, 0, 0, nan, nan, 0, 0
14115, nan, nan, 0, 0, nan, nan, 0, 0
14131, nan, nan, 0, 0, nan, nan, 0, 0
14147, nan, nan, 0, 0, nan, nan, 0, 0
14162, nan, nan, 0, 0, nan, nan, 0, 0
14178, nan, nan, 0, 0, nan, nan, 0, 0
14204, nan, nan, 0, 0, nan, nan, 0, 0
14224, nan, nan, 0, 0, nan, nan, 0, 0
14261, nan, nan, 0, 0, nan, nan, 0, 0
14277, nan, nan, 0, 0, nan, nan, 0, 0
14292, nan, nan, 0, 0, nan, nan, 0, 0
14308, nan, nan, 0, 0, nan, nan, 0, 0
14324, nan, nan, 0, 0, nan, nan, 0, 0
14339, nan, nan, 0, 0, nan, nan, 0, 0
14355, nan, nan, 0, 0, nan, nan, 0, 0
14371, nan, nan, 0, 0, nan, nan, 0, 0
14386, nan, nan, 0, 0, nan, nan, 0, 0
14402, nan, nan, 0, 0, nan, nan, 0, 0
14433, nan, nan, 0, 0, nan, nan, 0, 0
14449, nan, nan, 0, 0, nan, nan, 0, 0
14464, nan, nan, 0, 0, nan, nan, 0, 0
14480, nan, nan, 0, 0, nan, nan, 0, 0
14496, nan, nan, 0, 0, nan, nan, 0, 0
14511, nan, nan, 0, 0, nan, nan, 0, 0
14527, nan, nan, 0, 0, nan, nan, 0, 0
14545, nan, nan, 0, 0, nan, nan, 0, 0
14561, nan, nan, 0, 0, nan, nan, 0, 0
14577, nan, nan, 0, 0, nan, nan, 0, 0
14592, nan, nan, 0, 0, nan, nan, 0, 0
14608, nan, nan, 0, 0, nan, nan, 0, 0
14639, nan, nan, 0, 0, nan, nan, 0, 0
14655, nan, nan, 0, 0, nan, nan, 0, 0
14670, nan, nan, 0, 0, nan, nan, 0, 0
14686, nan, nan, 0, 0, nan, nan, 0, 0
14702, nan, nan, 0, 0, nan, nan, 0, 0
14733, nan, nan, 0, 0, nan, nan, 0, 0
14749, nan, nan, 0, 0, nan, nan, 0, 0
14764, nan, nan, 0, 0, nan, nan, 0, 0
14780, nan, nan, 0, 0, nan, nan, 0, 0
14795, nan, nan, 0, 0, nan, nan, 0, 0
14811, nan, nan, 0, 0, nan, nan, 0, 0
14842, nan, nan, 0, 0, nan, nan, 0, 0
14858, nan, nan, 0, 0, nan, nan, 0, 0
14874, nan, nan, 0, 0, nan, nan, 0, 0
14889, nan, nan, 0, 0, nan, nan, 0, 0
14905, nan, nan, 0, 0, nan, nan, 0, 0
14920, nan, nan, 0, 0, nan, nan, 0, 0
14936, nan, nan, 0, 0, nan, nan, 0, 0
14952, nan, nan, 0, 0, nan, nan, 0, 0
14967, nan, nan, 0, 0, nan, nan, 0, 0
14983, nan, nan, 0, 0, nan, nan, 0, 0
14999, nan, nan, 0, 0, nan, nan, 0, 0
15014, nan, nan, 0, 0, nan, nan, 0, 0
15030, nan, nan, 0, 0, nan, nan, 0, 0
15045, nan, nan, 0, 0, nan, nan, 0, 0
15077, nan, nan, 0, 0, nan, nan, 0, 0
15092, nan, nan, 0, 0, nan, nan, 0, 0
15108, nan, nan, 0, 0, nan, nan, 0, 0
15124, nan, nan, 0, 0, nan, nan, 0, 0
15139, nan, nan, 0, 0, nan, nan, 0, 0
15155, nan, nan, 0, 0, nan, nan, 0, 0
15170, nan, nan, 0, 0, nan, nan, 0, 0
15186, nan, nan, 0, 0, nan, nan, 0, 0
15202, nan, nan, 0, 0, nan, nan, 0, 0
15217, nan, nan, 0, 0, nan, nan, 0, 0
15233, nan, nan, 0, 0, nan, nan, 0, 0
15249, nan, nan, 0, 0, nan, nan, 0, 0
15264, nan, nan, 0, 0, nan, nan, 0, 0
15280, nan, nan, 0, 0, nan, nan, 0, 0
15295, nan, nan, 0, 0, nan, nan, 0, 0
15311, nan, nan, 0, 0, nan, nan, 0, 0
15342, nan, nan, 0, 0, nan, nan, 0, 0
15358, nan, nan, 0, 0, nan, nan, 0, 0
15374, nan, nan, 0, 0, nan, nan, 0, 0
15389, nan, nan, 0, 0, nan, nan, 0, 0
15405, nan, nan, 0, 0, nan, nan, 0, 0
15420, nan, nan, 0, 0, nan, nan, 0, 0
15436, nan, nan, 0, 0, nan, nan, 0, 0
15452, nan, nan, 0, 0, nan, nan, 0, 0
15467, nan, nan, 0, 0, nan, nan, 0, 0
15499, nan, nan, 0, 0, nan, nan, 0, 0
15514, nan, nan, 0, 0, nan, nan, 0, 0
15530, nan, nan, 0, 0, nan, nan, 0, 0
15545, nan, nan, 0, 0, nan, nan, 0, 0
15561, nan, nan, 0, 0, nan, nan, 0, 0
15577, nan, nan, 0, 0, nan, nan, 0, 0
15592, nan, nan, 0, 0, nan, nan, 0, 0
15608, nan, nan, 0, 0, nan, nan, 0, 0
15624, nan, nan, 0, 0, nan, nan, 0, 0
15655, nan, nan, 0, 0, nan, nan, 0, 0
15670, nan, nan, 0, 0, nan, nan, 0, 0
15686, nan, nan, 0, 0, nan, nan, 0, 0
15702, nan, nan, 0, 0, nan, nan, 0, 0
15717, nan, nan, 0, 0, nan, nan, 0, 0
15733, nan, nan, 0, 0, nan, nan, 0, 0
15749, nan, nan, 0, 0, nan, nan, 0, 0
15780, nan, nan, 0, 0, nan, nan, 0, 0
15795, nan, nan, 0, 0, nan, nan, 0, 0
15811, nan, nan, 0, 0, nan, nan, 0, 0
15827, nan, nan, 0, 0, nan, nan, 0, 0
15858, nan, nan, 0, 0, nan, nan, 0, 0
15873, nan, nan, 0, 0, nan, nan, 0, 0
15889, nan, nan, 0, 0, nan, nan, 0, 0
15905, nan, nan, 0, 0, nan, nan, 0, 0
15920, nan, nan, 0, 0, nan, nan, 0, 0
15936, nan, nan, 0, 0, nan, nan, 0, 0
15952, nan, nan, 0, 0, nan, nan, 0, 0
15967, nan, nan, 0, 0, nan, nan, 0, 0
15983, nan, nan, 0, 0, nan, nan, 0, 0
15999, nan, nan, 0, 0, nan, nan, 0, 0
16014, nan, nan, 0, 0, nan, nan, 0, 0
16030, nan, nan, 0, 0, nan, nan, 0, 0
16045, nan, nan, 0, 0, nan, nan, 0, 0
16061, nan, nan, 0, 0, nan, nan, 0, 0
16077, nan, nan, 0, 0, nan, nan, 0, 0
16108, nan, nan, 0, 0, nan, nan, 0, 0
16123, nan, nan, 0, 0, nan, nan, 0, 0
16139, nan, nan, 0, 0, nan, nan, 0, 0
16155, nan, nan, 0, 0, nan, nan, 0, 0
16170, nan, nan, 0, 0, nan, nan, 0, 0
16186, nan, nan, 0, 0, nan, nan, 0, 0
16202, nan, nan, 0, 0, nan, nan, 0, 0
16217, nan, nan, 0, 0, nan, nan, 0, 0
16233, nan, nan, 0, 0, nan, nan, 0, 0
16249, nan, nan, 0, 0, nan, nan, 0, 0
16264, nan, nan, 0, 0, nan, nan, 0, 0
16280, nan, nan, 0, 0, nan, nan, 0, 0
16295, nan, nan, 0, 0, nan, nan, 0, 0
16311, nan, nan, 0, 0, nan, nan, 0, 0
16327, nan, nan, 0, 0, nan, nan, 0, 0
16342, nan, nan, 0, 0, nan, nan, 0, 0
16373, nan, nan, 0, 0, nan, nan, 0, 0
16389, nan, nan, 0, 0, nan, nan, 0, 0
16405, nan, nan, 0, 0, nan, nan, 0, 0
16420, nan, nan, 0, 0, nan, nan, 0, 0
16436, nan, nan, 0, 0, nan, nan, 0, 0
16452, nan, nan, 0, 0, nan, nan, 0, 0
16467, nan, nan, 0, 0, nan, nan, 0, 0
16483, nan, nan, 0, 0, nan, nan, 0, 0
16499, nan, nan, 0, 0, nan, nan, 0, 0
16530, nan, nan, 0, 0, nan, nan, 0, 0
16545, nan, nan, 0, 0, nan, nan, 0, 0
16561, nan, nan, 0, 0, nan, nan, 0, 0
16577, nan, nan, 0, 0, nan, nan, 0, 0
16592, nan, nan, 0, 0, nan, nan, 0, 0
16608, nan, nan, 0, 0, nan, nan, 0, 0
16639, nan, nan, 0, 0, nan, nan, 0, 0
16655, nan, nan, 0, 0, nan, nan, 0, 0
16670, nan, nan, 0, 0, nan, nan, 0, 0
16686, nan, nan, 0, 0, nan, nan, 0, 0
16717, nan, nan, 0, 0, nan, nan, 0, 0
16733, nan, nan, 0, 0, nan, nan, 0, 0
16748, nan, nan, 0, 0, nan, nan, 0, 0
16764, nan, nan, 0, 0, nan, nan, 0, 0
16780, nan, nan, 0, 0, nan, nan, 0, 0
16795, nan, nan, 0, 0, nan, nan, 0, 0
16811, nan, nan, 0, 0, nan, nan, 0, 0
16827, nan, nan, 0, 0, nan, nan, 0, 0
16842, nan, nan, 0, 0, nan, nan, 0, 0
16858, nan, nan, 0, 0, nan, nan, 0, 0
16873, nan, nan, 0, 0, nan, nan, 0, 0
16889, nan, nan, 0, 0, nan, nan, 0, 0
16905, nan, nan, 0, 0, nan, nan, 0, 0
16936, nan, nan, 0, 0, nan, nan, 0, 0
16952, nan, nan, 0, 0, nan, nan, 0, 0
16967, nan, nan, 0, 0, nan, nan, 0, 0
16983, nan, nan, 0, 0, nan, nan, 0, 0
16998, nan, nan, 0, 0, nan, nan, 0, 0
17014, nan, nan, 0, 0, nan, nan, 0, 0
17030, nan, nan, 0, 0, nan, nan, 0, 0
17045, nan, nan, 0, 0, nan, nan, 0, 0
17061, nan, nan, 0, 0, nan, nan, 0, 0
17077, nan, nan, 0, 0, nan, nan, 0, 0
17092, nan, nan, 0, 0, nan, nan, 0, 0
17108, nan, nan, 0, 0, nan, nan, 0, 0
17123, nan, nan, 0, 0, nan, nan, 0, 0
17139, nan, nan, 0, 0, nan, nan, 0, 0
17155, nan, nan, 0, 0, nan, nan, 0, 0
17174, nan, nan, 0, 0, nan, nan, 0, 0
17189, nan, nan, 0, 0, nan, nan, 0, 0
17205, nan, nan, 0, 0, nan, nan, 0, 0
17221, nan, nan, 0, 0, nan, nan, 0, 0
17252, nan, nan, 0, 0, nan, nan, 0, 0
17267, nan, nan, 0, 0, nan, nan, 0, 0
17283, nan, nan, 0, 0, nan, nan, 0, 0
17299, nan, nan, 0, 0, nan, nan, 0, 0
17314, nan, nan, 0, 0, nan, nan, 0, 0
17330, nan, nan, 0, 0, nan, nan, 0, 0
17346, nan, nan, 0, 0, nan, nan, 0, 0
17361, nan, nan, 0, 0, nan, nan, 0, 0
17377, nan, nan, 0, 0, nan, nan, 0, 0
17393, nan, nan, 0, 0, nan, nan, 0, 0
17408, nan, nan, 0, 0, nan, nan, 0, 0
17424, nan, nan, 0, 0, nan, nan, 0, 0
17439, nan, nan, 0, 0, nan, nan, 0, 0
17455, nan, nan, 0, 0, nan, nan, 0, 0
17486, nan, nan, 0, 0, nan, nan, 0, 0
17502, nan, nan, 0, 0, nan, nan, 0, 0
17518, nan, nan, 0, 0, nan, nan, 0, 0
17533, nan, nan, 0, 0, nan, nan, 0, 0
17549, nan, nan, 0, 0, nan, nan, 0, 0
17564, nan, nan, 0, 0, nan, nan, 0, 0
17580, nan, nan, 0, 0, nan, nan, 0, 0
17596, nan, nan, 0, 0, nan, nan, 0, 0
17611, nan, nan, 0, 0, nan, nan, 0, 0
17627, nan, nan, 0, 0, nan, nan, 0, 0
17643, nan, nan, 0, 0, nan, nan, 0, 0
17658, nan, nan, 0, 0, nan, nan, 0, 0
17674, nan, nan, 0, 0, nan, nan, 0, 0
17689, nan, nan, 0, 0, nan, nan, 0, 0
17705, nan, nan, 0, 0, nan, nan, 0, 0
17736, nan, nan, 0, 0, nan, nan, 0, 0
17752, nan, nan, 0, 0, nan, nan, 0, 0
17768, nan, nan, 0, 0, nan, nan, 0, 0
17783, nan, nan, 0, 0, nan, nan, 0, 0
17799, nan, nan, 0, 0, nan, nan, 0, 0
17814, nan, nan, 0, 0, nan, nan, 0, 0
17830, nan, nan, 0, 0, nan, nan, 0, 0
17846, nan, nan, 0, 0, nan, nan, 0, 0
17861, nan, nan, 0, 0, nan, nan, 0, 0
17877, nan, nan, 0, 0, nan, nan, 0, 0
17893, nan, nan, 0, 0, nan, nan, 0, 0
17908, nan, nan, 0, 0, nan, nan, 0, 0
17924, nan, nan, 0, 0, nan, nan, 0, 0
17939, nan, nan, 0, 0, nan, nan, 0, 0
17955, nan, nan, 0, 0, nan, nan, 0, 0
17971, nan, nan, 0, 0, nan, nan, 0, 0
18002, nan, nan, 0, 0, nan, nan, 0, 0
18017, nan, nan, 0, 0, nan, nan, 0, 0
18033, nan, nan, 0, 0, nan, nan, 0, 0
18049, nan, nan, 0, 0, nan, nan, 0, 0
18064, nan, nan, 0, 0, nan, nan, 0, 0
18080, nan, nan, 0, 0, nan, nan, 0, 0
18096, nan, nan, 0, 0, nan, nan, 0, 0
18111, nan, nan, 0, 0, nan, nan, 0, 0
18127, nan, nan, 0, 0, nan, nan, 0, 0
18142, nan, nan, 0, 0, nan, nan, 0, 0
18158, nan, nan, 0, 0, nan, nan, 0, 0
18174, nan, nan, 0, 0, nan, nan, 0, 0
18189, nan, nan, 0, 0, nan, nan, 0, 0
18205, nan, nan, 0, 0, nan, nan, 0, 0
18221, nan, nan, 0, 0, nan, nan, 0, 0
18236, nan, nan, 0, 0, nan, nan, 0, 0
18268, nan, nan, 0, 0, nan, nan, 0, 0
18283, nan, nan, 0, 0, nan, nan, 0, 0
18299, nan, nan, 0, 0, nan, nan, 0, 0
18314, nan, nan, 0, 0, nan, nan, 0, 0
18330, nan, nan, 0, 0, nan, nan, 0, 0
18346, nan, nan, 0, 0, nan, nan, 0, 0
18361, nan, nan, 0, 0, nan, nan, 0, 0
18377, nan, nan, 0, 0, nan, nan, 0, 0
18393, nan, nan, 0, 0, nan, nan, 0, 0
18408, nan, nan, 0, 0, nan, nan, 0, 0
18424, nan, nan, 0, 0, nan, nan, 0, 0
18439, nan, nan, 0, 0, nan, nan, 0, 0
18455, nan, nan, 0, 0, nan, nan, 0, 0
18471, nan, nan, 0, 0, nan, nan, 0, 0
18502, nan, nan, 0, 0, nan, nan, 0, 0
18518, nan, nan, 0, 0, nan, nan, 0, 0
18533, nan, nan, 0, 0, nan, nan, 0, 0
18549, nan, nan, 0, 0, nan, nan, 0, 0
18564, nan, nan, 0, 0, nan, nan, 0, 0
18580, nan, nan, 0, 0, nan, nan, 0, 0
18596, nan, nan, 0, 0, nan, nan, 0, 0
18611, nan, nan, 0, 0, nan, nan, 0, 0
18627, nan, nan, 0, 0, nan, nan, 0, 0
18643, nan, nan, 0, 0, nan, nan, 0, 0
18658, nan, nan, 0, 0, nan, nan, 0, 0
18674, nan, nan, 0, 0, nan, nan, 0, 0
18689, nan, nan, 0, 0, nan, nan, 0, 0
18705, nan, nan, 0, 0, nan, nan, 0, 0
18736, nan, nan, 0, 0, nan, nan, 0, 0
18752, nan, nan, 0, 0, nan, nan, 0, 0
18768, nan, nan, 0, 0, nan, nan, 0, 0
18783, nan, nan, 0, 0, nan, nan, 0, 0
18799, nan, nan, 0, 0, nan, nan, 0, 0
18814, nan, nan, 0, 0, nan, nan, 0, 0
18830, nan, nan, 0, 0, nan, nan, 0, 0
18846, nan, nan, 0, 0, nan, nan, 0, 0
18861, nan, nan, 0, 0, nan, nan, 0, 0
18877, nan, nan, 0, 0, nan, nan, 0, 0
18893, nan, nan, 0, 0, nan, nan, 0, 0
18908, nan, nan, 0, 0, nan, nan, 0, 0
